Metric,Value
MAE,64.30480155415985
RMSE,85.70800757608441
MAPE (%),60.8892092638885
R2,0.5866870490107146
